Step,BLOB_EnsembleMolecular_BLOB_Gsol_20250512_041334 - best_value,Molecular_Laplace_BO_Gsol_20250511_180607 - best_value,Molecular_VBLL_Gsol_dense_precision_multirank_20250510_145035 - best_value,ibnn-Gsol - best_value,dkl-Gsol - best_value,gp-Gsol - best_value,Molecular_VBLL_Gsol_dense_precision_multirank_20250510_040825 - best_value,ibnn-Gsol - best_value,dkl-Gsol - best_value,gp-Gsol - best_value,Molecular_Laplace_BO_Gsol_20250509_163244 - best_value,ibnn-Gsol - best_value,dkl-Gsol - best_value,gp-Gsol - best_value,Molecular_Laplace_BO_Gsol_20250509_153306 - best_value,Molecular_BLOB_Gsol_dense_precision_multirank_20250508_183330 - best_value
0,-0.92971128,-0.65265906,-1.15683315,-1.07177469,-1.11386856,-1.07177469,-1.0715298,-1.07177469,-1.11386856,-1.07177469,-0.77061441,-1.07177469,-1.11386856,-1.07177469,-0.86389029,-0.61791189
1,,-0.67597803,-1.15683315,-1.07177469,-1.11386856,-1.07177469,-1.0715298,-1.07177469,-1.11386856,-1.07177469,-0.92971128,-1.07177469,-1.11386856,-1.07177469,-0.86389029,-0.73622097
2,-0.92971128,-0.72201735,-1.15683315,-1.07177469,-1.11386856,-1.07177469,-1.07542083,-1.07177469,-1.11386856,-1.07177469,-0.92971128,-1.07177469,-1.11386856,-1.07177469,-0.86389029,-0.83730612
3,,-0.77159397,-1.15683315,-1.07177469,-1.11386856,-1.07177469,-1.07542083,-1.07177469,-1.11386856,-1.07177469,-0.92971128,-1.07177469,-1.11386856,-1.07177469,-0.86389029,-0.83730612
4,-0.92971128,-0.77159397,-1.15683315,-1.11386856,-1.11386856,-1.07177469,-1.07542083,-1.11386856,-1.11386856,-1.07177469,-0.92971128,-1.11386856,-1.11386856,-1.07177469,-0.92971128,-0.83730612
5,,-0.79104912,-1.15683315,-1.12007244,-1.11386856,-1.07177469,-1.07542083,-1.12007244,-1.11386856,-1.07177469,-0.92971128,-1.12007244,-1.11386856,-1.07177469,-0.92971128,-0.83730612
6,-0.92971128,-0.83434023,-1.15683315,-1.12007244,-1.11386856,-1.07177469,-1.09188288,-1.12007244,-1.11386856,-1.07177469,-0.92971128,-1.12007244,-1.11386856,-1.07177469,-0.92971128,-0.83730612
7,,-0.83434023,-1.18847838,-1.12007244,-1.11386856,-1.07177469,-1.09188288,-1.12007244,-1.11386856,-1.07177469,-0.92971128,-1.12007244,-1.11386856,-1.07177469,-0.92971128,-1.11596373
8,-0.92971128,-0.83434023,-1.18847838,-1.12007244,-1.11386856,-1.07177469,-1.15683315,-1.12007244,-1.11386856,-1.07177469,-0.92971128,-1.12007244,-1.11386856,-1.07177469,-0.92971128,-1.11596373
9,,-0.83434023,-1.18847838,-1.12007244,-1.11386856,-1.07177469,-1.15683315,-1.12007244,-1.11386856,-1.07177469,-0.92971128,-1.12007244,-1.11386856,-1.07177469,-0.92971128,-1.11596373
10,-0.92971128,-0.83434023,-1.18847838,-1.12007244,-1.11386856,-1.07177469,-1.15683315,-1.12007244,-1.11386856,-1.07177469,-1.05702687,-1.12007244,-1.11386856,-1.07177469,-0.92971128,-1.11596373
11,,-0.83434023,-1.18847838,-1.12007244,-1.11386856,-1.07177469,-1.15683315,-1.12007244,-1.11386856,-1.07177469,-1.05702687,-1.12007244,-1.11386856,-1.07177469,-0.92971128,-1.11596373
12,-0.92971128,-0.91607907,-1.18847838,-1.12007244,-1.11386856,-1.07177469,-1.15683315,-1.12007244,-1.11386856,-1.07177469,-1.05702687,-1.12007244,-1.11386856,-1.07177469,-0.92971128,-1.11596373
13,,-0.91607907,-1.18847838,-1.12007244,-1.11386856,-1.07177469,-1.15683315,-1.12007244,-1.11386856,-1.07177469,-1.05702687,-1.12007244,-1.11386856,-1.07177469,-0.92971128,-1.11596373
14,-0.92971128,-0.91607907,-1.18847838,-1.12007244,-1.11386856,-1.07177469,-1.15683315,-1.12007244,-1.11386856,-1.07177469,-1.05974787,-1.12007244,-1.11386856,-1.07177469,-0.92971128,-1.11596373
15,,-0.91607907,-1.18847838,-1.12007244,-1.11386856,-1.07177469,-1.15683315,-1.12007244,-1.11386856,-1.07177469,-1.05974787,-1.12007244,-1.11386856,-1.07177469,-0.92971128,-1.11596373
16,-0.92971128,-0.91607907,-1.18847838,-1.12007244,-1.11386856,-1.07177469,-1.15683315,-1.12007244,-1.11386856,-1.07177469,-1.05974787,-1.12007244,-1.11386856,-1.07177469,-0.92971128,-1.11596373
17,,-0.91607907,-1.18847838,-1.12007244,-1.11386856,-1.07177469,-1.15683315,-1.12007244,-1.11386856,-1.07177469,-1.05974787,-1.12007244,-1.11386856,-1.07177469,-0.92971128,-1.11596373
18,-0.92971128,-0.91607907,-1.18847838,-1.12007244,-1.11386856,-1.07177469,-1.18847838,-1.12007244,-1.11386856,-1.07177469,-1.05974787,-1.12007244,-1.11386856,-1.07177469,-0.92971128,-1.11596373
19,,-0.91607907,-1.18847838,-1.12007244,-1.11386856,-1.07177469,-1.18847838,-1.12007244,-1.11386856,-1.07177469,-1.05974787,-1.12007244,-1.11386856,-1.07177469,-0.92971128,-1.11596373
20,-0.92971128,-0.91607907,-1.18847838,-1.12007244,-1.11386856,-1.07177469,-1.18847838,-1.12007244,-1.11386856,-1.07177469,-1.05974787,-1.12007244,-1.11386856,-1.07177469,-0.92971128,-1.11596373
21,,-0.91607907,-1.18847838,-1.12007244,-1.11386856,-1.07177469,-1.18847838,-1.12007244,-1.11386856,-1.07177469,-1.05974787,-1.12007244,-1.11386856,-1.07177469,-0.92971128,-1.11596373
22,-0.92971128,-0.91607907,-1.18847838,-1.12007244,-1.11386856,-1.07177469,-1.18847838,-1.12007244,-1.11386856,-1.07177469,-1.05974787,-1.12007244,-1.11386856,-1.07177469,-0.92971128,-1.11596373
23,,-0.91607907,-1.18847838,-1.12007244,-1.11386856,-1.07177469,-1.18847838,-1.12007244,-1.11386856,-1.07177469,-1.05974787,-1.12007244,-1.11386856,-1.07177469,-0.92971128,-1.11596373
24,-0.92971128,-0.91607907,-1.18847838,-1.12007244,-1.11386856,-1.07177469,-1.18847838,-1.12007244,-1.11386856,-1.07177469,-1.05974787,-1.12007244,-1.11386856,-1.07177469,-0.92971128,-1.11596373
25,,-0.91607907,-1.18847838,-1.12007244,-1.11386856,-1.07177469,-1.18847838,-1.12007244,-1.11386856,-1.07177469,-1.05974787,-1.12007244,-1.11386856,-1.07177469,-0.92971128,-1.11596373
26,-0.92971128,-0.91607907,-1.18847838,-1.12007244,-1.11386856,-1.07177469,-1.18847838,-1.12007244,-1.11386856,-1.07177469,-1.05974787,-1.12007244,-1.11386856,-1.07177469,-0.92971128,-1.11596373
27,,-0.91607907,-1.18847838,-1.12007244,-1.11386856,-1.07177469,-1.18847838,-1.12007244,-1.11386856,-1.07177469,-1.05974787,-1.12007244,-1.11386856,-1.07177469,-0.97406358,-1.11596373
28,-0.95732943,-0.91607907,-1.18847838,-1.12007244,-1.11386856,-1.07177469,-1.18847838,-1.12007244,-1.11386856,-1.07177469,-1.05974787,-1.12007244,-1.11386856,-1.07177469,-0.97406358,-1.11596373
29,,-0.91607907,-1.18847838,-1.12007244,-1.11386856,-1.07177469,-1.18847838,-1.12007244,-1.11386856,-1.07177469,-1.05974787,-1.12007244,-1.11386856,-1.07177469,-0.97406358,-1.11596373
30,-0.95732943,-0.91607907,-1.18847838,-1.12007244,-1.11386856,-1.07177469,-1.18847838,-1.12007244,-1.11386856,-1.07177469,-1.05974787,-1.12007244,-1.11386856,-1.07177469,-0.97406358,-1.11596373
31,,-0.91607907,-1.18847838,-1.12007244,-1.11386856,-1.07177469,-1.18847838,-1.12007244,-1.11386856,-1.07177469,-1.05974787,-1.12007244,-1.11386856,-1.07177469,-0.97406358,-1.11596373
32,-0.98181843,-0.91714026,-1.18847838,-1.12007244,-1.11386856,-1.07177469,-1.18847838,-1.12007244,-1.11386856,-1.07177469,-1.05974787,-1.12007244,-1.11386856,-1.07177469,-0.97406358,-1.11596373
33,,-0.91714026,-1.18847838,-1.12007244,-1.11386856,-1.07177469,-1.18847838,-1.12007244,-1.11386856,-1.07177469,-1.05974787,-1.12007244,-1.11386856,-1.07177469,-0.97406358,-1.11596373
34,-1.07335287,-0.91714026,-1.18847838,-1.12007244,-1.11386856,-1.07177469,-1.18847838,-1.12007244,-1.11386856,-1.07177469,-1.05974787,-1.12007244,-1.11386856,-1.07177469,-0.97406358,-1.11596373
35,,-0.91714026,-1.18847838,-1.12007244,-1.11386856,-1.07177469,-1.18847838,-1.12007244,-1.11386856,-1.07177469,-1.05974787,-1.12007244,-1.11386856,-1.07177469,-0.97406358,-1.11596373
36,-1.07335287,-0.91714026,-1.18847838,-1.12007244,-1.11386856,-1.07177469,-1.18847838,-1.12007244,-1.11386856,-1.07177469,-1.05974787,-1.12007244,-1.11386856,-1.07177469,-0.97406358,-1.11596373
37,,-0.91714026,-1.18847838,-1.12007244,-1.11386856,-1.07177469,-1.18847838,-1.12007244,-1.11386856,-1.07177469,-1.05974787,-1.12007244,-1.11386856,-1.07177469,-0.97406358,-1.11596373
38,-1.07335287,-1.01664723,-1.18847838,-1.12007244,-1.11386856,-1.07177469,-1.18847838,-1.12007244,-1.11386856,-1.07177469,-1.05974787,-1.12007244,-1.11386856,-1.07177469,-0.97406358,-1.11596373
39,,-1.01664723,-1.18847838,-1.12007244,-1.11386856,-1.07177469,-1.18847838,-1.12007244,-1.11386856,-1.07177469,-1.05974787,-1.12007244,-1.11386856,-1.07177469,-0.97406358,-1.11596373
40,-1.07335287,-1.01664723,-1.18847838,-1.12007244,-1.11386856,-1.07177469,-1.18847838,-1.12007244,-1.11386856,-1.07177469,-1.05974787,-1.12007244,-1.11386856,-1.07177469,-0.97406358,-1.11596373
41,,-1.01664723,-1.18847838,-1.12007244,-1.11386856,-1.07177469,-1.18847838,-1.12007244,-1.11386856,-1.07177469,-1.05974787,-1.12007244,-1.11386856,-1.07177469,-0.97406358,-1.11596373
42,-1.07335287,-1.01664723,-1.18847838,-1.12007244,-1.11386856,-1.11386856,-1.18847838,-1.12007244,-1.11386856,-1.11386856,-1.05974787,-1.12007244,-1.11386856,-1.11386856,-0.97406358,-1.11596373
43,,-1.01664723,-1.18847838,-1.12007244,-1.11386856,-1.11386856,-1.18847838,-1.12007244,-1.11386856,-1.11386856,-1.05974787,-1.12007244,-1.11386856,-1.11386856,-0.97406358,-1.12007244
44,-1.07335287,-1.01664723,-1.18847838,-1.12007244,-1.11386856,-1.11386856,-1.18847838,-1.12007244,-1.11386856,-1.11386856,-1.05974787,-1.12007244,-1.11386856,-1.11386856,-0.97406358,-1.12007244
45,,-1.01664723,-1.18847838,-1.12007244,-1.11386856,-1.11386856,-1.18847838,-1.12007244,-1.11386856,-1.11386856,-1.05974787,-1.12007244,-1.11386856,-1.11386856,-0.97406358,-1.12007244
46,-1.07335287,-1.01664723,-1.18847838,-1.12007244,-1.11386856,-1.11386856,-1.18847838,-1.12007244,-1.11386856,-1.11386856,-1.05974787,-1.12007244,-1.11386856,-1.11386856,-0.97406358,-1.12801776
47,,-1.01664723,-1.18847838,-1.12007244,-1.11386856,-1.11386856,-1.18847838,-1.12007244,-1.11386856,-1.11386856,-1.05974787,-1.12007244,-1.11386856,-1.11386856,-0.97406358,-1.12801776
48,-1.07335287,-1.01664723,-1.18847838,-1.12007244,-1.11386856,-1.11386856,-1.18847838,-1.12007244,-1.11386856,-1.11386856,-1.05974787,-1.12007244,-1.11386856,-1.11386856,-0.97406358,-1.12801776
49,,-1.01664723,-1.18847838,-1.12007244,-1.11386856,-1.11386856,-1.18847838,-1.12007244,-1.11386856,-1.11386856,-1.05974787,-1.12007244,-1.11386856,-1.11386856,-0.97406358,-1.15683315
50,-1.07335287,-1.01664723,-1.18847838,-1.12007244,-1.11386856,-1.11386856,-1.18847838,-1.12007244,-1.11386856,-1.11386856,-1.05974787,-1.12007244,-1.11386856,-1.11386856,-0.97406358,-1.15683315
51,,-1.01664723,-1.18847838,-1.12007244,-1.11386856,-1.11386856,-1.18847838,-1.12007244,-1.11386856,-1.11386856,-1.05974787,-1.12007244,-1.11386856,-1.11386856,-1.15683315,-1.15683315
52,-1.15683315,-1.04951691,-1.18847838,-1.12007244,-1.11386856,-1.11386856,-1.18847838,-1.12007244,-1.11386856,-1.11386856,-1.05974787,-1.12007244,-1.11386856,-1.11386856,-1.15683315,-1.15683315
53,,-1.04951691,-1.18847838,-1.12007244,-1.11386856,-1.11386856,-1.18847838,-1.12007244,-1.11386856,-1.11386856,-1.05974787,-1.12007244,-1.11386856,-1.11386856,-1.15683315,-1.18847838
54,-1.15683315,-1.05974787,-1.18847838,-1.12007244,-1.11386856,-1.11386856,-1.18847838,-1.12007244,-1.11386856,-1.11386856,-1.05974787,-1.12007244,-1.11386856,-1.11386856,-1.15683315,-1.18847838
55,,-1.05974787,-1.18847838,-1.12007244,-1.11386856,-1.11386856,-1.18847838,-1.12007244,-1.11386856,-1.11386856,-1.05974787,-1.12007244,-1.11386856,-1.11386856,-1.15683315,-1.18847838
56,-1.15683315,-1.05974787,-1.18847838,-1.12007244,-1.11386856,-1.11386856,-1.18847838,-1.12007244,-1.11386856,-1.11386856,-1.09188288,-1.12007244,-1.11386856,-1.11386856,-1.15683315,-1.18847838
57,,-1.05974787,-1.18847838,-1.12007244,-1.11386856,-1.11386856,-1.18847838,-1.12007244,-1.11386856,-1.11386856,-1.09188288,-1.12007244,-1.11386856,-1.11386856,-1.15683315,-1.18847838
58,-1.15683315,-1.05974787,-1.18847838,-1.12007244,-1.11386856,-1.11386856,-1.18847838,-1.12007244,-1.11386856,-1.11386856,-1.09188288,-1.12007244,-1.11386856,-1.11386856,-1.15683315,-1.18847838
59,,-1.05974787,-1.18847838,-1.12007244,-1.11386856,-1.11386856,-1.18847838,-1.12007244,-1.11386856,-1.11386856,-1.09188288,-1.12007244,-1.11386856,-1.11386856,-1.15683315,-1.18847838
60,-1.15683315,-1.05974787,-1.18847838,-1.12007244,-1.11386856,-1.11386856,-1.18847838,-1.12007244,-1.11386856,-1.11386856,-1.09188288,-1.12007244,-1.11386856,-1.11386856,-1.15683315,-1.18847838
61,,-1.05974787,-1.18847838,-1.12007244,-1.11386856,-1.11386856,-1.18847838,-1.12007244,-1.11386856,-1.11386856,-1.09188288,-1.12007244,-1.11386856,-1.11386856,-1.15683315,-1.18847838
62,-1.15683315,-1.05974787,-1.18847838,-1.12007244,-1.11386856,-1.11386856,-1.18847838,-1.12007244,-1.11386856,-1.11386856,-1.09188288,-1.12007244,-1.11386856,-1.11386856,-1.15683315,-1.18847838
63,,-1.05974787,-1.18847838,-1.12007244,-1.11386856,-1.11386856,-1.18847838,-1.12007244,-1.11386856,-1.11386856,-1.09188288,-1.12007244,-1.11386856,-1.11386856,-1.15683315,-1.18847838
64,-1.15683315,-1.05974787,-1.18847838,-1.12007244,-1.11386856,-1.11386856,-1.18847838,-1.12007244,-1.11386856,-1.11386856,-1.09188288,-1.12007244,-1.11386856,-1.11386856,-1.15683315,-1.18847838
65,,-1.05974787,-1.18847838,-1.12007244,-1.11386856,-1.11386856,-1.18847838,-1.12007244,-1.11386856,-1.11386856,-1.09188288,-1.12007244,-1.11386856,-1.11386856,-1.15683315,-1.18847838
66,-1.15683315,-1.05974787,-1.18847838,-1.12007244,-1.11386856,-1.11386856,-1.18847838,-1.12007244,-1.11386856,-1.11386856,-1.09188288,-1.12007244,-1.11386856,-1.11386856,-1.15683315,-1.18847838
67,,-1.05974787,-1.18847838,-1.12007244,-1.11386856,-1.11386856,-1.18847838,-1.12007244,-1.11386856,-1.11386856,-1.09188288,-1.12007244,-1.11386856,-1.11386856,-1.15683315,-1.18847838
68,-1.15683315,-1.05974787,-1.18847838,-1.12007244,-1.11386856,-1.11386856,-1.18847838,-1.12007244,-1.11386856,-1.11386856,-1.09188288,-1.12007244,-1.11386856,-1.11386856,-1.15683315,-1.18847838
69,,-1.05974787,-1.18847838,-1.12007244,-1.11386856,-1.11386856,-1.18847838,-1.12007244,-1.11386856,-1.11386856,-1.09188288,-1.12007244,-1.11386856,-1.11386856,-1.15683315,-1.18847838
70,-1.15683315,-1.05974787,-1.18847838,-1.12007244,-1.11386856,-1.11386856,-1.18847838,-1.12007244,-1.11386856,-1.11386856,-1.09188288,-1.12007244,-1.11386856,-1.11386856,-1.15683315,-1.18847838
71,,-1.05974787,-1.18847838,-1.12007244,-1.11386856,-1.11386856,-1.18847838,-1.12007244,-1.11386856,-1.11386856,-1.09188288,-1.12007244,-1.11386856,-1.11386856,-1.15683315,-1.18847838
72,-1.15683315,-1.05974787,-1.18847838,-1.12007244,-1.11386856,-1.11386856,-1.18847838,-1.12007244,-1.11386856,-1.11386856,-1.09188288,-1.12007244,-1.11386856,-1.11386856,-1.15683315,-1.18847838
73,,-1.05974787,-1.18847838,-1.12007244,-1.11386856,-1.11386856,-1.18847838,-1.12007244,-1.11386856,-1.11386856,-1.09188288,-1.12007244,-1.11386856,-1.11386856,-1.15683315,-1.18847838
74,-1.15683315,-1.05974787,-1.18847838,-1.12007244,-1.11386856,-1.11386856,-1.18847838,-1.12007244,-1.11386856,-1.11386856,-1.09188288,-1.12007244,-1.11386856,-1.11386856,-1.15683315,-1.18847838
75,,-1.05974787,-1.18847838,-1.12007244,-1.11386856,-1.11386856,-1.18847838,-1.12007244,-1.11386856,-1.11386856,-1.09188288,-1.12007244,-1.11386856,-1.11386856,-1.15683315,-1.18847838
76,-1.15683315,-1.05974787,-1.18847838,-1.12007244,-1.11386856,-1.11386856,-1.18847838,-1.12007244,-1.11386856,-1.11386856,-1.09188288,-1.12007244,-1.11386856,-1.11386856,-1.15683315,-1.18847838
77,,-1.05974787,-1.18847838,-1.12007244,-1.11386856,-1.11386856,-1.18847838,-1.12007244,-1.11386856,-1.11386856,-1.09188288,-1.12007244,-1.11386856,-1.11386856,-1.15683315,-1.18847838
78,-1.15683315,-1.05974787,-1.18847838,-1.12007244,-1.11386856,-1.11386856,-1.18847838,-1.12007244,-1.11386856,-1.11386856,-1.09188288,-1.12007244,-1.11386856,-1.11386856,-1.15683315,-1.18847838
79,,-1.05974787,-1.18847838,-1.12007244,-1.11386856,-1.11386856,-1.18847838,-1.12007244,-1.11386856,-1.11386856,-1.09188288,-1.12007244,-1.11386856,-1.11386856,-1.15683315,-1.18847838
80,-1.15683315,-1.05974787,-1.18847838,-1.12007244,-1.11386856,-1.11386856,-1.18847838,-1.12007244,-1.11386856,-1.11386856,-1.09188288,-1.12007244,-1.11386856,-1.11386856,-1.15683315,-1.18847838
81,,-1.05974787,-1.18847838,-1.12007244,-1.11386856,-1.11386856,-1.18847838,-1.12007244,-1.11386856,-1.11386856,-1.09188288,-1.12007244,-1.11386856,-1.11386856,-1.15683315,-1.18847838
82,-1.15683315,-1.05974787,-1.18847838,-1.12007244,-1.11386856,-1.11386856,-1.18847838,-1.12007244,-1.11386856,-1.11386856,-1.09188288,-1.12007244,-1.11386856,-1.11386856,-1.15683315,-1.18847838
83,,-1.05974787,-1.18847838,-1.12007244,-1.11386856,-1.15683315,-1.18847838,-1.12007244,-1.11386856,-1.15683315,-1.09188288,-1.12007244,-1.11386856,-1.15683315,-1.15683315,-1.18847838
84,-1.15683315,-1.11596373,-1.18847838,-1.12007244,-1.11386856,-1.15683315,-1.18847838,-1.12007244,-1.11386856,-1.15683315,-1.09188288,-1.12007244,-1.11386856,-1.15683315,-1.15683315,-1.18847838
85,,-1.11596373,-1.18847838,-1.12007244,-1.11386856,-1.15683315,-1.18847838,-1.12007244,-1.11386856,-1.15683315,-1.09188288,-1.12007244,-1.11386856,-1.15683315,-1.15683315,-1.18847838
86,-1.15683315,-1.11596373,-1.18847838,-1.12007244,-1.11386856,-1.15683315,-1.18847838,-1.12007244,-1.11386856,-1.15683315,-1.09188288,-1.12007244,-1.11386856,-1.15683315,-1.15683315,-1.18847838
87,,-1.11596373,-1.18847838,-1.12007244,-1.11386856,-1.15683315,-1.18847838,-1.12007244,-1.11386856,-1.15683315,-1.09188288,-1.12007244,-1.11386856,-1.15683315,-1.15683315,-1.18847838
88,-1.15683315,-1.11596373,-1.18847838,-1.12007244,-1.11386856,-1.15683315,-1.18847838,-1.12007244,-1.11386856,-1.15683315,-1.09188288,-1.12007244,-1.11386856,-1.15683315,-1.15683315,-1.18847838
89,,-1.11596373,-1.18847838,-1.12007244,-1.11386856,-1.15683315,-1.18847838,-1.12007244,-1.11386856,-1.15683315,-1.09188288,-1.12007244,-1.11386856,-1.15683315,-1.15683315,-1.18847838
90,-1.15683315,-1.11596373,-1.18847838,-1.12007244,-1.11386856,-1.15683315,-1.18847838,-1.12007244,-1.11386856,-1.15683315,-1.09188288,-1.12007244,-1.11386856,-1.15683315,-1.15683315,-1.18847838
91,,-1.11596373,-1.18847838,-1.12007244,-1.11386856,-1.15683315,-1.18847838,-1.12007244,-1.11386856,-1.15683315,-1.09188288,-1.12007244,-1.11386856,-1.15683315,-1.15683315,-1.18847838
92,-1.18847838,-1.11596373,-1.18847838,-1.12007244,-1.11386856,-1.15683315,-1.18847838,-1.12007244,-1.11386856,-1.15683315,-1.09188288,-1.12007244,-1.11386856,-1.15683315,-1.15683315,-1.18847838
93,,-1.11596373,-1.18847838,-1.12007244,-1.11386856,-1.15683315,-1.18847838,-1.12007244,-1.11386856,-1.15683315,-1.09188288,-1.12007244,-1.11386856,-1.15683315,-1.15683315,-1.18847838
94,-1.18847838,-1.11596373,-1.18847838,-1.12007244,-1.11386856,-1.15683315,-1.18847838,-1.12007244,-1.11386856,-1.15683315,-1.09188288,-1.12007244,-1.11386856,-1.15683315,-1.15683315,-1.18847838
95,,-1.11596373,-1.18847838,-1.12007244,-1.11386856,-1.15683315,-1.18847838,-1.12007244,-1.11386856,-1.15683315,-1.09188288,-1.12007244,-1.11386856,-1.15683315,-1.15683315,-1.18847838
96,-1.18847838,-1.18847838,-1.18847838,-1.12007244,-1.11386856,-1.15683315,-1.18847838,-1.12007244,-1.11386856,-1.15683315,-1.09188288,-1.12007244,-1.11386856,-1.15683315,-1.15683315,-1.18847838
97,,-1.18847838,-1.18847838,-1.12007244,-1.11386856,-1.15683315,-1.18847838,-1.12007244,-1.11386856,-1.15683315,-1.1145216,-1.12007244,-1.11386856,-1.15683315,-1.15683315,-1.18847838
98,-1.18847838,-1.18847838,-1.18847838,-1.12007244,-1.11386856,-1.15683315,-1.18847838,-1.12007244,-1.11386856,-1.15683315,-1.1145216,-1.12007244,-1.11386856,-1.15683315,-1.15683315,-1.18847838
99,,-1.18847838,-1.18847838,-1.12007244,-1.11386856,-1.15683315,-1.18847838,-1.12007244,-1.11386856,-1.15683315,-1.1145216,-1.12007244,-1.11386856,-1.15683315,-1.15683315,-1.18847838
100,-1.18847838,-1.18847838,-1.18847838,-1.12007244,-1.11386856,-1.15683315,-1.18847838,-1.12007244,-1.11386856,-1.15683315,-1.1145216,-1.12007244,-1.11386856,-1.15683315,-1.15683315,-1.18847838
101,,-1.18847838,-1.18847838,-1.12007244,-1.11386856,-1.15683315,-1.18847838,-1.12007244,-1.11386856,-1.15683315,-1.1145216,-1.12007244,-1.11386856,-1.15683315,-1.15683315,-1.18847838
102,-1.18847838,-1.18847838,-1.18847838,-1.12007244,-1.11386856,-1.15683315,-1.18847838,-1.12007244,-1.11386856,-1.15683315,-1.1145216,-1.12007244,-1.11386856,-1.15683315,-1.15683315,-1.18847838
103,,-1.18847838,-1.18847838,-1.12007244,-1.11386856,-1.15683315,-1.18847838,-1.12007244,-1.11386856,-1.15683315,-1.1145216,-1.12007244,-1.11386856,-1.15683315,-1.15683315,-1.18847838
104,-1.18847838,-1.18847838,-1.18847838,-1.12007244,-1.11386856,-1.15683315,-1.18847838,-1.12007244,-1.11386856,-1.15683315,-1.1145216,-1.12007244,-1.11386856,-1.15683315,-1.15683315,-1.18847838
105,,-1.18847838,-1.18847838,-1.12007244,-1.11386856,-1.15683315,-1.18847838,-1.12007244,-1.11386856,-1.15683315,-1.1145216,-1.12007244,-1.11386856,-1.15683315,-1.15683315,-1.18847838
106,-1.18847838,-1.18847838,-1.18847838,-1.12007244,-1.11386856,-1.15683315,-1.18847838,-1.12007244,-1.11386856,-1.15683315,-1.1145216,-1.12007244,-1.11386856,-1.15683315,-1.15683315,-1.18847838
107,,-1.18847838,-1.18847838,-1.12007244,-1.11386856,-1.15683315,-1.18847838,-1.12007244,-1.11386856,-1.15683315,-1.1145216,-1.12007244,-1.11386856,-1.15683315,-1.15683315,-1.18847838
108,-1.18847838,-1.18847838,-1.18847838,-1.12007244,-1.11386856,-1.15683315,-1.18847838,-1.12007244,-1.11386856,-1.15683315,-1.1145216,-1.12007244,-1.11386856,-1.15683315,-1.15683315,-1.18847838
109,,-1.18847838,-1.18847838,-1.12007244,-1.11386856,-1.15683315,-1.18847838,-1.12007244,-1.11386856,-1.15683315,-1.1145216,-1.12007244,-1.11386856,-1.15683315,-1.15683315,-1.18847838
110,-1.18847838,-1.18847838,-1.18847838,-1.12007244,-1.11386856,-1.15683315,-1.18847838,-1.12007244,-1.11386856,-1.15683315,-1.1145216,-1.12007244,-1.11386856,-1.15683315,-1.15683315,-1.18847838
111,,-1.18847838,-1.18847838,-1.12007244,-1.11386856,-1.15683315,-1.18847838,-1.12007244,-1.11386856,-1.15683315,-1.1145216,-1.12007244,-1.11386856,-1.15683315,-1.15683315,-1.18847838
112,-1.18847838,-1.18847838,-1.18847838,-1.12007244,-1.11386856,-1.15683315,-1.18847838,-1.12007244,-1.11386856,-1.15683315,-1.1145216,-1.12007244,-1.11386856,-1.15683315,-1.15683315,-1.18847838
113,,-1.18847838,-1.18847838,-1.12007244,-1.11386856,-1.15683315,-1.18847838,-1.12007244,-1.11386856,-1.15683315,-1.1145216,-1.12007244,-1.11386856,-1.15683315,-1.15683315,-1.18847838
114,-1.18847838,-1.18847838,-1.18847838,-1.12007244,-1.11386856,-1.15683315,-1.18847838,-1.12007244,-1.11386856,-1.15683315,-1.1145216,-1.12007244,-1.11386856,-1.15683315,-1.15683315,-1.18847838
115,,-1.18847838,-1.18847838,-1.12007244,-1.11386856,-1.15683315,-1.18847838,-1.12007244,-1.11386856,-1.15683315,-1.1145216,-1.12007244,-1.11386856,-1.15683315,-1.15683315,-1.18847838
116,-1.18847838,-1.18847838,-1.18847838,-1.12007244,-1.11386856,-1.15683315,-1.18847838,-1.12007244,-1.11386856,-1.15683315,-1.1145216,-1.12007244,-1.11386856,-1.15683315,-1.15683315,-1.18847838
117,,-1.18847838,-1.18847838,-1.12007244,-1.11386856,-1.15683315,-1.18847838,-1.12007244,-1.11386856,-1.15683315,-1.1145216,-1.12007244,-1.11386856,-1.15683315,-1.15683315,-1.18847838
118,-1.18847838,-1.18847838,-1.18847838,-1.12007244,-1.11386856,-1.15683315,-1.18847838,-1.12007244,-1.11386856,-1.15683315,-1.1145216,-1.12007244,-1.11386856,-1.15683315,-1.15683315,-1.18847838
119,,-1.18847838,-1.18847838,-1.12007244,-1.11386856,-1.15683315,-1.18847838,-1.12007244,-1.11386856,-1.15683315,-1.1145216,-1.12007244,-1.11386856,-1.15683315,-1.15683315,-1.18847838
120,-1.18847838,-1.18847838,-1.18847838,-1.12007244,-1.11386856,-1.15683315,-1.18847838,-1.12007244,-1.11386856,-1.15683315,-1.1145216,-1.12007244,-1.11386856,-1.15683315,-1.15683315,-1.18847838
121,,-1.18847838,-1.18847838,-1.12007244,-1.11386856,-1.15683315,-1.18847838,-1.12007244,-1.11386856,-1.15683315,-1.1145216,-1.12007244,-1.11386856,-1.15683315,-1.15683315,-1.18847838
122,-1.18847838,-1.18847838,-1.18847838,-1.12007244,-1.11386856,-1.15683315,-1.18847838,-1.12007244,-1.11386856,-1.15683315,-1.1145216,-1.12007244,-1.11386856,-1.15683315,-1.15683315,-1.18847838
123,,-1.18847838,-1.18847838,-1.12007244,-1.11386856,-1.15683315,-1.18847838,-1.12007244,-1.11386856,-1.15683315,-1.1145216,-1.12007244,-1.11386856,-1.15683315,-1.15683315,-1.18847838
124,-1.18847838,-1.18847838,-1.18847838,-1.12007244,-1.11386856,-1.15683315,-1.18847838,-1.12007244,-1.11386856,-1.15683315,-1.1145216,-1.12007244,-1.11386856,-1.15683315,-1.15683315,-1.18847838
125,,-1.18847838,-1.18847838,-1.12007244,-1.11386856,-1.15683315,-1.18847838,-1.12007244,-1.11386856,-1.15683315,-1.1145216,-1.12007244,-1.11386856,-1.15683315,-1.15683315,-1.18847838
126,-1.18847838,-1.18847838,-1.18847838,-1.12007244,-1.11386856,-1.15683315,-1.18847838,-1.12007244,-1.11386856,-1.15683315,-1.1145216,-1.12007244,-1.11386856,-1.15683315,-1.15683315,-1.18847838
127,,-1.18847838,-1.18847838,-1.12007244,-1.11386856,-1.15683315,-1.18847838,-1.12007244,-1.11386856,-1.15683315,-1.1145216,-1.12007244,-1.11386856,-1.15683315,-1.15683315,-1.18847838
128,-1.18847838,-1.18847838,-1.18847838,-1.12007244,-1.11386856,-1.15683315,-1.18847838,-1.12007244,-1.11386856,-1.15683315,-1.1145216,-1.12007244,-1.11386856,-1.15683315,-1.15683315,-1.18847838
129,,-1.18847838,-1.18847838,-1.12007244,-1.11386856,-1.15683315,-1.18847838,-1.12007244,-1.11386856,-1.15683315,-1.1145216,-1.12007244,-1.11386856,-1.15683315,-1.15683315,-1.18847838
130,-1.18847838,-1.18847838,-1.18847838,-1.12007244,-1.11386856,-1.15683315,-1.18847838,-1.12007244,-1.11386856,-1.15683315,-1.1145216,-1.12007244,-1.11386856,-1.15683315,-1.15683315,-1.18847838
131,,-1.18847838,-1.18847838,-1.12007244,-1.11386856,-1.15683315,-1.18847838,-1.12007244,-1.11386856,-1.15683315,-1.1145216,-1.12007244,-1.11386856,-1.15683315,-1.15683315,-1.18847838
132,-1.18847838,-1.18847838,-1.18847838,-1.12007244,-1.11386856,-1.15683315,-1.18847838,-1.12007244,-1.11386856,-1.15683315,-1.1145216,-1.12007244,-1.11386856,-1.15683315,-1.15683315,-1.18847838
133,,-1.18847838,-1.18847838,-1.12007244,-1.11386856,-1.15683315,-1.18847838,-1.12007244,-1.11386856,-1.15683315,-1.1145216,-1.12007244,-1.11386856,-1.15683315,-1.15683315,-1.18847838
134,-1.18847838,-1.18847838,-1.18847838,-1.12007244,-1.11386856,-1.15683315,-1.18847838,-1.12007244,-1.11386856,-1.15683315,-1.1145216,-1.12007244,-1.11386856,-1.15683315,-1.15683315,-1.18847838
135,,-1.18847838,-1.18847838,-1.12007244,-1.11386856,-1.15683315,-1.18847838,-1.12007244,-1.11386856,-1.15683315,-1.1145216,-1.12007244,-1.11386856,-1.15683315,-1.15683315,-1.18847838
136,-1.18847838,-1.18847838,-1.18847838,-1.12007244,-1.11386856,-1.15683315,-1.18847838,-1.12007244,-1.11386856,-1.15683315,-1.1145216,-1.12007244,-1.11386856,-1.15683315,-1.15683315,-1.18847838
137,,-1.18847838,-1.18847838,-1.12007244,-1.11386856,-1.15683315,-1.18847838,-1.12007244,-1.11386856,-1.15683315,-1.1145216,-1.12007244,-1.11386856,-1.15683315,-1.15683315,-1.18847838
138,-1.18847838,-1.18847838,-1.18847838,-1.12007244,-1.11386856,-1.15683315,-1.18847838,-1.12007244,-1.11386856,-1.15683315,-1.1145216,-1.12007244,-1.11386856,-1.15683315,-1.15683315,-1.18847838
139,,-1.18847838,-1.18847838,-1.12007244,-1.11386856,-1.15683315,-1.18847838,-1.12007244,-1.11386856,-1.15683315,-1.1145216,-1.12007244,-1.11386856,-1.15683315,-1.15683315,-1.18847838
140,-1.18847838,-1.18847838,-1.18847838,-1.12007244,-1.11386856,-1.15683315,-1.18847838,-1.12007244,-1.11386856,-1.15683315,-1.1145216,-1.12007244,-1.11386856,-1.15683315,-1.15683315,-1.18847838
141,,-1.18847838,-1.18847838,-1.12007244,-1.11386856,-1.15683315,-1.18847838,-1.12007244,-1.11386856,-1.15683315,-1.1145216,-1.12007244,-1.11386856,-1.15683315,-1.15683315,-1.18847838
142,-1.18847838,-1.18847838,-1.18847838,-1.12007244,-1.11386856,-1.15683315,-1.18847838,-1.12007244,-1.11386856,-1.15683315,-1.1145216,-1.12007244,-1.11386856,-1.15683315,-1.15683315,-1.18847838
143,,-1.18847838,-1.18847838,-1.12007244,-1.11386856,-1.15683315,-1.18847838,-1.12007244,-1.11386856,-1.15683315,-1.1145216,-1.12007244,-1.11386856,-1.15683315,-1.15683315,-1.18847838
144,-1.18847838,-1.18847838,-1.18847838,-1.12007244,-1.11386856,-1.15683315,-1.18847838,-1.12007244,-1.11386856,-1.15683315,-1.1145216,-1.12007244,-1.11386856,-1.15683315,-1.15683315,-1.18847838
145,,-1.18847838,-1.18847838,-1.12007244,-1.11386856,-1.15683315,-1.18847838,-1.12007244,-1.11386856,-1.15683315,-1.1145216,-1.12007244,-1.11386856,-1.15683315,-1.15683315,-1.18847838
146,-1.18847838,-1.18847838,-1.18847838,-1.12007244,-1.11386856,-1.15683315,-1.18847838,-1.12007244,-1.11386856,-1.15683315,-1.1145216,-1.12007244,-1.11386856,-1.15683315,-1.15683315,-1.18847838
147,,-1.18847838,-1.18847838,-1.12007244,-1.11386856,-1.15683315,-1.18847838,-1.12007244,-1.11386856,-1.15683315,-1.1145216,-1.12007244,-1.11386856,-1.15683315,-1.15683315,-1.18847838
148,-1.18847838,-1.18847838,-1.18847838,-1.12007244,-1.11386856,-1.15683315,-1.18847838,-1.12007244,-1.11386856,-1.15683315,-1.1145216,-1.12007244,-1.11386856,-1.15683315,-1.15683315,-1.18847838
149,,-1.18847838,-1.18847838,-1.12007244,-1.11386856,-1.15683315,-1.18847838,-1.12007244,-1.11386856,-1.15683315,-1.1145216,-1.12007244,-1.11386856,-1.15683315,-1.15683315,-1.18847838
150,-1.18847838,-1.18847838,-1.18847838,-1.12007244,-1.11386856,-1.15683315,-1.18847838,-1.12007244,-1.11386856,-1.15683315,-1.1145216,-1.12007244,-1.11386856,-1.15683315,-1.15683315,-1.18847838